"","Year","Month","Deviation"
"1880.Jan",1880,"Jan",-0.84
"1881.Jan",1881,"Jan",-0.8
"1882.Jan",1882,"Jan",0.09
"1883.Jan",1883,"Jan",-0.71
"1884.Jan",1884,"Jan",-0.64
"1885.Jan",1885,"Jan",-0.97
"1886.Jan",1886,"Jan",-0.8
"1887.Jan",1887,"Jan",-0.92
"1888.Jan",1888,"Jan",-0.78
"1889.Jan",1889,"Jan",-0.36
"1890.Jan",1890,"Jan",-0.64
"1891.Jan",1891,"Jan",-1
"1892.Jan",1892,"Jan",-0.67
"1893.Jan",1893,"Jan",-1.48
"1894.Jan",1894,"Jan",-0.9
"1895.Jan",1895,"Jan",-0.73
"1896.Jan",1896,"Jan",-0.25
"1897.Jan",1897,"Jan",-0.29
"1898.Jan",1898,"Jan",-0.14
"1899.Jan",1899,"Jan",-0.44
"1900.Jan",1900,"Jan",-0.56
"1901.Jan",1901,"Jan",-0.26
"1902.Jan",1902,"Jan",-0.35
"1903.Jan",1903,"Jan",-0.38
"1904.Jan",1904,"Jan",-0.83
"1905.Jan",1905,"Jan",-0.46
"1906.Jan",1906,"Jan",-0.2
"1907.Jan",1907,"Jan",-0.51
"1908.Jan",1908,"Jan",-0.4
"1909.Jan",1909,"Jan",-0.81
"1910.Jan",1910,"Jan",-0.48
"1911.Jan",1911,"Jan",-0.68
"1912.Jan",1912,"Jan",-0.21
"1913.Jan",1913,"Jan",-0.48
"1914.Jan",1914,"Jan",0.11
"1915.Jan",1915,"Jan",-0.2
"1916.Jan",1916,"Jan",-0.1
"1917.Jan",1917,"Jan",-0.55
"1918.Jan",1918,"Jan",-0.66
"1919.Jan",1919,"Jan",-0.34
"1920.Jan",1920,"Jan",-0.15
"1921.Jan",1921,"Jan",-0.07
"1922.Jan",1922,"Jan",-0.44
"1923.Jan",1923,"Jan",-0.28
"1924.Jan",1924,"Jan",-0.32
"1925.Jan",1925,"Jan",-0.5
"1926.Jan",1926,"Jan",0.21
"1927.Jan",1927,"Jan",-0.24
"1928.Jan",1928,"Jan",0.02
"1929.Jan",1929,"Jan",-0.32
"1930.Jan",1930,"Jan",-0.28
"1931.Jan",1931,"Jan",-0.17
"1932.Jan",1932,"Jan",0.3
"1933.Jan",1933,"Jan",-0.4
"1934.Jan",1934,"Jan",-0.18
"1935.Jan",1935,"Jan",-0.36
"1936.Jan",1936,"Jan",-0.31
"1937.Jan",1937,"Jan",-0.14
"1938.Jan",1938,"Jan",-0.03
"1939.Jan",1939,"Jan",-0.04
"1940.Jan",1940,"Jan",-0.24
"1941.Jan",1941,"Jan",0
"1942.Jan",1942,"Jan",0.18
"1943.Jan",1943,"Jan",-0.23
"1944.Jan",1944,"Jan",0.29
"1945.Jan",1945,"Jan",-0.02
"1946.Jan",1946,"Jan",-0.02
"1947.Jan",1947,"Jan",-0.16
"1948.Jan",1948,"Jan",0.17
"1949.Jan",1949,"Jan",0.01
"1950.Jan",1950,"Jan",-0.32
"1951.Jan",1951,"Jan",-0.38
"1952.Jan",1952,"Jan",0.08
"1953.Jan",1953,"Jan",0.1
"1954.Jan",1954,"Jan",-0.32
"1955.Jan",1955,"Jan",0.21
"1956.Jan",1956,"Jan",-0.25
"1957.Jan",1957,"Jan",-0.15
"1958.Jan",1958,"Jan",0.41
"1959.Jan",1959,"Jan",0.04
"1960.Jan",1960,"Jan",0.08
"1961.Jan",1961,"Jan",0.09
"1962.Jan",1962,"Jan",0.08
"1963.Jan",1963,"Jan",-0.01
"1964.Jan",1964,"Jan",-0.06
"1965.Jan",1965,"Jan",-0.05
"1966.Jan",1966,"Jan",-0.22
"1967.Jan",1967,"Jan",-0.07
"1968.Jan",1968,"Jan",-0.2
"1969.Jan",1969,"Jan",-0.15
"1970.Jan",1970,"Jan",0.05
"1971.Jan",1971,"Jan",-0.01
"1972.Jan",1972,"Jan",-0.28
"1973.Jan",1973,"Jan",0.26
"1974.Jan",1974,"Jan",-0.06
"1975.Jan",1975,"Jan",0.07
"1976.Jan",1976,"Jan",-0.01
"1977.Jan",1977,"Jan",0.14
"1978.Jan",1978,"Jan",0.13
"1979.Jan",1979,"Jan",0.17
"1980.Jan",1980,"Jan",0.35
"1981.Jan",1981,"Jan",0.61
"1982.Jan",1982,"Jan",0.11
"1983.Jan",1983,"Jan",0.48
"1984.Jan",1984,"Jan",0.23
"1985.Jan",1985,"Jan",0.31
"1986.Jan",1986,"Jan",0.37
"1987.Jan",1987,"Jan",0.42
"1988.Jan",1988,"Jan",0.65
"1989.Jan",1989,"Jan",0.25
"1990.Jan",1990,"Jan",0.52
"1991.Jan",1991,"Jan",0.49
"1992.Jan",1992,"Jan",0.49
"1993.Jan",1993,"Jan",0.38
"1994.Jan",1994,"Jan",0.38
"1995.Jan",1995,"Jan",0.55
"1996.Jan",1996,"Jan",0.4
"1997.Jan",1997,"Jan",0.46
"1998.Jan",1998,"Jan",0.7
"1999.Jan",1999,"Jan",0.66
"2000.Jan",2000,"Jan",0.28
"2001.Jan",2001,"Jan",0.56
"2002.Jan",2002,"Jan",0.95
"2003.Jan",2003,"Jan",0.92
"2004.Jan",2004,"Jan",0.72
"2005.Jan",2005,"Jan",0.95
"2006.Jan",2006,"Jan",0.75
"2007.Jan",2007,"Jan",1.21
"2008.Jan",2008,"Jan",0.46
"2009.Jan",2009,"Jan",0.73
"2010.Jan",2010,"Jan",0.94
"2011.Jan",2011,"Jan",0.71
"2012.Jan",2012,"Jan",0.61
"2013.Jan",2013,"Jan",0.97
"2014.Jan",2014,"Jan",0.95
"2015.Jan",2015,"Jan",0.95
"2016.Jan",2016,"Jan",1.34
"1880.Feb",1880,"Feb",-0.41
"1881.Feb",1881,"Feb",-0.63
"1882.Feb",1882,"Feb",-0.14
"1883.Feb",1883,"Feb",-0.97
"1884.Feb",1884,"Feb",-0.37
"1885.Feb",1885,"Feb",-0.83
"1886.Feb",1886,"Feb",-0.87
"1887.Feb",1887,"Feb",-1.32
"1888.Feb",1888,"Feb",-0.86
"1889.Feb",1889,"Feb",0.1
"1890.Feb",1890,"Feb",-0.66
"1891.Feb",1891,"Feb",-1.11
"1892.Feb",1892,"Feb",-0.34
"1893.Feb",1893,"Feb",-1.04
"1894.Feb",1894,"Feb",-0.63
"1895.Feb",1895,"Feb",-0.81
"1896.Feb",1896,"Feb",-0.29
"1897.Feb",1897,"Feb",-0.52
"1898.Feb",1898,"Feb",-0.46
"1899.Feb",1899,"Feb",-0.61
"1900.Feb",1900,"Feb",-0.07
"1901.Feb",1901,"Feb",-0.16
"1902.Feb",1902,"Feb",-0.09
"1903.Feb",1903,"Feb",-0.19
"1904.Feb",1904,"Feb",-0.8
"1905.Feb",1905,"Feb",-1.02
"1906.Feb",1906,"Feb",-0.36
"1907.Feb",1907,"Feb",-0.7
"1908.Feb",1908,"Feb",-0.35
"1909.Feb",1909,"Feb",-0.6
"1910.Feb",1910,"Feb",-0.4
"1911.Feb",1911,"Feb",-0.68
"1912.Feb",1912,"Feb",-0.13
"1913.Feb",1913,"Feb",-0.53
"1914.Feb",1914,"Feb",-0.08
"1915.Feb",1915,"Feb",0.04
"1916.Feb",1916,"Feb",-0.15
"1917.Feb",1917,"Feb",-0.76
"1918.Feb",1918,"Feb",-0.62
"1919.Feb",1919,"Feb",-0.28
"1920.Feb",1920,"Feb",-0.32
"1921.Feb",1921,"Feb",-0.2
"1922.Feb",1922,"Feb",-0.5
"1923.Feb",1923,"Feb",-0.27
"1924.Feb",1924,"Feb",-0.46
"1925.Feb",1925,"Feb",-0.4
"1926.Feb",1926,"Feb",0.24
"1927.Feb",1927,"Feb",-0.22
"1928.Feb",1928,"Feb",-0.05
"1929.Feb",1929,"Feb",-0.56
"1930.Feb",1930,"Feb",-0.25
"1931.Feb",1931,"Feb",-0.32
"1932.Feb",1932,"Feb",-0.31
"1933.Feb",1933,"Feb",-0.31
"1934.Feb",1934,"Feb",-0.15
"1935.Feb",1935,"Feb",0.19
"1936.Feb",1936,"Feb",-0.45
"1937.Feb",1937,"Feb",0.03
"1938.Feb",1938,"Feb",-0.03
"1939.Feb",1939,"Feb",-0.2
"1940.Feb",1940,"Feb",0.03
"1941.Feb",1941,"Feb",0.17
"1942.Feb",1942,"Feb",-0.06
"1943.Feb",1943,"Feb",0.02
"1944.Feb",1944,"Feb",0.1
"1945.Feb",1945,"Feb",-0.18
"1946.Feb",1946,"Feb",-0.08
"1947.Feb",1947,"Feb",0.01
"1948.Feb",1948,"Feb",-0.18
"1949.Feb",1949,"Feb",-0.37
"1950.Feb",1950,"Feb",-0.33
"1951.Feb",1951,"Feb",-0.47
"1952.Feb",1952,"Feb",0.11
"1953.Feb",1953,"Feb",0.05
"1954.Feb",1954,"Feb",-0.09
"1955.Feb",1955,"Feb",-0.11
"1956.Feb",1956,"Feb",-0.32
"1957.Feb",1957,"Feb",-0.05
"1958.Feb",1958,"Feb",0.26
"1959.Feb",1959,"Feb",0.1
"1960.Feb",1960,"Feb",0.27
"1961.Feb",1961,"Feb",0.22
"1962.Feb",1962,"Feb",0.16
"1963.Feb",1963,"Feb",0.24
"1964.Feb",1964,"Feb",-0.16
"1965.Feb",1965,"Feb",-0.18
"1966.Feb",1966,"Feb",-0.03
"1967.Feb",1967,"Feb",-0.25
"1968.Feb",1968,"Feb",-0.16
"1969.Feb",1969,"Feb",-0.25
"1970.Feb",1970,"Feb",0.27
"1971.Feb",1971,"Feb",-0.14
"1972.Feb",1972,"Feb",-0.31
"1973.Feb",1973,"Feb",0.32
"1974.Feb",1974,"Feb",-0.24
"1975.Feb",1975,"Feb",0.1
"1976.Feb",1976,"Feb",-0.08
"1977.Feb",1977,"Feb",0.22
"1978.Feb",1978,"Feb",0.19
"1979.Feb",1979,"Feb",-0.11
"1980.Feb",1980,"Feb",0.45
"1981.Feb",1981,"Feb",0.56
"1982.Feb",1982,"Feb",0.24
"1983.Feb",1983,"Feb",0.4
"1984.Feb",1984,"Feb",0.16
"1985.Feb",1985,"Feb",0.01
"1986.Feb",1986,"Feb",0.52
"1987.Feb",1987,"Feb",0.52
"1988.Feb",1988,"Feb",0.47
"1989.Feb",1989,"Feb",0.45
"1990.Feb",1990,"Feb",0.41
"1991.Feb",1991,"Feb",0.61
"1992.Feb",1992,"Feb",0.4
"1993.Feb",1993,"Feb",0.4
"1994.Feb",1994,"Feb",0.07
"1995.Feb",1995,"Feb",0.88
"1996.Feb",1996,"Feb",0.59
"1997.Feb",1997,"Feb",0.54
"1998.Feb",1998,"Feb",1.18
"1999.Feb",1999,"Feb",0.84
"2000.Feb",2000,"Feb",0.76
"2001.Feb",2001,"Feb",0.61
"2002.Feb",2002,"Feb",0.87
"2003.Feb",2003,"Feb",0.73
"2004.Feb",2004,"Feb",0.91
"2005.Feb",2005,"Feb",0.86
"2006.Feb",2006,"Feb",0.9
"2007.Feb",2007,"Feb",0.92
"2008.Feb",2008,"Feb",0.44
"2009.Feb",2009,"Feb",0.73
"2010.Feb",2010,"Feb",1.03
"2011.Feb",2011,"Feb",0.68
"2012.Feb",2012,"Feb",0.56
"2013.Feb",2013,"Feb",0.72
"2014.Feb",2014,"Feb",0.65
"2015.Feb",2015,"Feb",1.07
"2016.Feb",2016,"Feb",1.61
"1880.Mar",1880,"Mar",-0.48
"1881.Mar",1881,"Mar",-0.37
"1882.Mar",1882,"Mar",-0.1
"1883.Mar",1883,"Mar",-0.48
"1884.Mar",1884,"Mar",-0.42
"1885.Mar",1885,"Mar",-0.95
"1886.Mar",1886,"Mar",-0.72
"1887.Mar",1887,"Mar",-0.64
"1888.Mar",1888,"Mar",-0.95
"1889.Mar",1889,"Mar",0.02
"1890.Mar",1890,"Mar",-0.65
"1891.Mar",1891,"Mar",-0.55
"1892.Mar",1892,"Mar",-0.61
"1893.Mar",1893,"Mar",-0.62
"1894.Mar",1894,"Mar",-0.41
"1895.Mar",1895,"Mar",-0.52
"1896.Mar",1896,"Mar",-0.54
"1897.Mar",1897,"Mar",-0.34
"1898.Mar",1898,"Mar",-0.83
"1899.Mar",1899,"Mar",-0.37
"1900.Mar",1900,"Mar",-0.18
"1901.Mar",1901,"Mar",-0.12
"1902.Mar",1902,"Mar",-0.21
"1903.Mar",1903,"Mar",-0.22
"1904.Mar",1904,"Mar",-0.58
"1905.Mar",1905,"Mar",-0.28
"1906.Mar",1906,"Mar",-0.37
"1907.Mar",1907,"Mar",-0.47
"1908.Mar",1908,"Mar",-0.54
"1909.Mar",1909,"Mar",-0.52
"1910.Mar",1910,"Mar",-0.49
"1911.Mar",1911,"Mar",-0.63
"1912.Mar",1912,"Mar",-0.45
"1913.Mar",1913,"Mar",-0.61
"1914.Mar",1914,"Mar",-0.08
"1915.Mar",1915,"Mar",-0.11
"1916.Mar",1916,"Mar",-0.47
"1917.Mar",1917,"Mar",-0.81
"1918.Mar",1918,"Mar",-0.51
"1919.Mar",1919,"Mar",-0.16
"1920.Mar",1920,"Mar",-0.21
"1921.Mar",1921,"Mar",-0.15
"1922.Mar",1922,"Mar",-0.35
"1923.Mar",1923,"Mar",-0.28
"1924.Mar",1924,"Mar",-0.17
"1925.Mar",1925,"Mar",-0.29
"1926.Mar",1926,"Mar",0.16
"1927.Mar",1927,"Mar",-0.42
"1928.Mar",1928,"Mar",-0.15
"1929.Mar",1929,"Mar",-0.4
"1930.Mar",1930,"Mar",-0.11
"1931.Mar",1931,"Mar",-0.08
"1932.Mar",1932,"Mar",-0.23
"1933.Mar",1933,"Mar",-0.29
"1934.Mar",1934,"Mar",-0.4
"1935.Mar",1935,"Mar",0
"1936.Mar",1936,"Mar",-0.19
"1937.Mar",1937,"Mar",-0.23
"1938.Mar",1938,"Mar",0.17
"1939.Mar",1939,"Mar",-0.38
"1940.Mar",1940,"Mar",0.07
"1941.Mar",1941,"Mar",-0.14
"1942.Mar",1942,"Mar",-0.04
"1943.Mar",1943,"Mar",-0.19
"1944.Mar",1944,"Mar",0.06
"1945.Mar",1945,"Mar",-0.05
"1946.Mar",1946,"Mar",-0.2
"1947.Mar",1947,"Mar",0.16
"1948.Mar",1948,"Mar",-0.3
"1949.Mar",1949,"Mar",-0.09
"1950.Mar",1950,"Mar",-0.07
"1951.Mar",1951,"Mar",-0.14
"1952.Mar",1952,"Mar",-0.19
"1953.Mar",1953,"Mar",0.14
"1954.Mar",1954,"Mar",-0.12
"1955.Mar",1955,"Mar",-0.39
"1956.Mar",1956,"Mar",-0.33
"1957.Mar",1957,"Mar",-0.08
"1958.Mar",1958,"Mar",0.19
"1959.Mar",1959,"Mar",0.24
"1960.Mar",1960,"Mar",-0.46
"1961.Mar",1961,"Mar",0.03
"1962.Mar",1962,"Mar",0.11
"1963.Mar",1963,"Mar",-0.23
"1964.Mar",1964,"Mar",-0.27
"1965.Mar",1965,"Mar",-0.12
"1966.Mar",1966,"Mar",0.14
"1967.Mar",1967,"Mar",0.01
"1968.Mar",1968,"Mar",0.32
"1969.Mar",1969,"Mar",-0.09
"1970.Mar",1970,"Mar",0.11
"1971.Mar",1971,"Mar",-0.2
"1972.Mar",1972,"Mar",-0.07
"1973.Mar",1973,"Mar",0.37
"1974.Mar",1974,"Mar",-0.01
"1975.Mar",1975,"Mar",0.13
"1976.Mar",1976,"Mar",-0.31
"1977.Mar",1977,"Mar",0.31
"1978.Mar",1978,"Mar",0.27
"1979.Mar",1979,"Mar",0.25
"1980.Mar",1980,"Mar",0.4
"1981.Mar",1981,"Mar",0.65
"1982.Mar",1982,"Mar",-0.02
"1983.Mar",1983,"Mar",0.46
"1984.Mar",1984,"Mar",0.37
"1985.Mar",1985,"Mar",0.26
"1986.Mar",1986,"Mar",0.38
"1987.Mar",1987,"Mar",0.24
"1988.Mar",1988,"Mar",0.61
"1989.Mar",1989,"Mar",0.44
"1990.Mar",1990,"Mar",0.85
"1991.Mar",1991,"Mar",0.47
"1992.Mar",1992,"Mar",0.53
"1993.Mar",1993,"Mar",0.32
"1994.Mar",1994,"Mar",0.25
"1995.Mar",1995,"Mar",0.5
"1996.Mar",1996,"Mar",0.44
"1997.Mar",1997,"Mar",0.65
"1998.Mar",1998,"Mar",0.81
"1999.Mar",1999,"Mar",0.47
"2000.Mar",2000,"Mar",0.69
"2001.Mar",2001,"Mar",0.67
"2002.Mar",2002,"Mar",1.11
"2003.Mar",2003,"Mar",0.72
"2004.Mar",2004,"Mar",0.84
"2005.Mar",2005,"Mar",0.94
"2006.Mar",2006,"Mar",0.8
"2007.Mar",2007,"Mar",0.92
"2008.Mar",2008,"Mar",0.88
"2009.Mar",2009,"Mar",0.64
"2010.Mar",2010,"Mar",1.11
"2011.Mar",2011,"Mar",0.76
"2012.Mar",2012,"Mar",0.68
"2013.Mar",2013,"Mar",0.85
"2014.Mar",2014,"Mar",0.78
"2015.Mar",2015,"Mar",1.11
"2016.Mar",2016,"Mar",1.61
"1880.Apr",1880,"Apr",-0.67
"1881.Apr",1881,"Apr",-0.28
"1882.Apr",1882,"Apr",-0.62
"1883.Apr",1883,"Apr",-0.34
"1884.Apr",1884,"Apr",-0.96
"1885.Apr",1885,"Apr",-0.91
"1886.Apr",1886,"Apr",-0.67
"1887.Apr",1887,"Apr",-0.89
"1888.Apr",1888,"Apr",-0.36
"1889.Apr",1889,"Apr",0.06
"1890.Apr",1890,"Apr",-0.56
"1891.Apr",1891,"Apr",-0.71
"1892.Apr",1892,"Apr",-0.74
"1893.Apr",1893,"Apr",-0.7
"1894.Apr",1894,"Apr",-0.7
"1895.Apr",1895,"Apr",-0.5
"1896.Apr",1896,"Apr",-0.5
"1897.Apr",1897,"Apr",-0.14
"1898.Apr",1898,"Apr",-0.6
"1899.Apr",1899,"Apr",-0.28
"1900.Apr",1900,"Apr",-0.19
"1901.Apr",1901,"Apr",-0.12
"1902.Apr",1902,"Apr",-0.26
"1903.Apr",1903,"Apr",-0.6
"1904.Apr",1904,"Apr",-0.48
"1905.Apr",1905,"Apr",-0.36
"1906.Apr",1906,"Apr",0.01
"1907.Apr",1907,"Apr",-0.63
"1908.Apr",1908,"Apr",-0.49
"1909.Apr",1909,"Apr",-0.63
"1910.Apr",1910,"Apr",-0.33
"1911.Apr",1911,"Apr",-0.55
"1912.Apr",1912,"Apr",-0.31
"1913.Apr",1913,"Apr",-0.33
"1914.Apr",1914,"Apr",-0.23
"1915.Apr",1915,"Apr",-0.04
"1916.Apr",1916,"Apr",-0.32
"1917.Apr",1917,"Apr",-0.54
"1918.Apr",1918,"Apr",-0.57
"1919.Apr",1919,"Apr",-0.16
"1920.Apr",1920,"Apr",-0.24
"1921.Apr",1921,"Apr",-0.22
"1922.Apr",1922,"Apr",-0.14
"1923.Apr",1923,"Apr",-0.52
"1924.Apr",1924,"Apr",-0.54
"1925.Apr",1925,"Apr",-0.21
"1926.Apr",1926,"Apr",-0.15
"1927.Apr",1927,"Apr",-0.39
"1928.Apr",1928,"Apr",-0.14
"1929.Apr",1929,"Apr",-0.48
"1930.Apr",1930,"Apr",-0.29
"1931.Apr",1931,"Apr",-0.33
"1932.Apr",1932,"Apr",0.03
"1933.Apr",1933,"Apr",-0.23
"1934.Apr",1934,"Apr",-0.38
"1935.Apr",1935,"Apr",-0.53
"1936.Apr",1936,"Apr",-0.06
"1937.Apr",1937,"Apr",-0.22
"1938.Apr",1938,"Apr",0.24
"1939.Apr",1939,"Apr",-0.19
"1940.Apr",1940,"Apr",-0.01
"1941.Apr",1941,"Apr",-0.02
"1942.Apr",1942,"Apr",-0.04
"1943.Apr",1943,"Apr",-0.03
"1944.Apr",1944,"Apr",-0.11
"1945.Apr",1945,"Apr",0.09
"1946.Apr",1946,"Apr",0.01
"1947.Apr",1947,"Apr",0.1
"1948.Apr",1948,"Apr",-0.13
"1949.Apr",1949,"Apr",-0.26
"1950.Apr",1950,"Apr",-0.24
"1951.Apr",1951,"Apr",-0.04
"1952.Apr",1952,"Apr",-0.08
"1953.Apr",1953,"Apr",0.09
"1954.Apr",1954,"Apr",-0.15
"1955.Apr",1955,"Apr",-0.19
"1956.Apr",1956,"Apr",-0.26
"1957.Apr",1957,"Apr",0
"1958.Apr",1958,"Apr",0.09
"1959.Apr",1959,"Apr",0.2
"1960.Apr",1960,"Apr",-0.2
"1961.Apr",1961,"Apr",0.13
"1962.Apr",1962,"Apr",0.06
"1963.Apr",1963,"Apr",-0.19
"1964.Apr",1964,"Apr",-0.36
"1965.Apr",1965,"Apr",-0.29
"1966.Apr",1966,"Apr",-0.09
"1967.Apr",1967,"Apr",-0.09
"1968.Apr",1968,"Apr",-0.08
"1969.Apr",1969,"Apr",0.12
"1970.Apr",1970,"Apr",0.12
"1971.Apr",1971,"Apr",-0.04
"1972.Apr",1972,"Apr",-0.05
"1973.Apr",1973,"Apr",0.36
"1974.Apr",1974,"Apr",-0.07
"1975.Apr",1975,"Apr",0.04
"1976.Apr",1976,"Apr",-0.23
"1977.Apr",1977,"Apr",0.3
"1978.Apr",1978,"Apr",0.27
"1979.Apr",1979,"Apr",0.2
"1980.Apr",1980,"Apr",0.43
"1981.Apr",1981,"Apr",0.5
"1982.Apr",1982,"Apr",0.02
"1983.Apr",1983,"Apr",0.4
"1984.Apr",1984,"Apr",0.14
"1985.Apr",1985,"Apr",0.2
"1986.Apr",1986,"Apr",0.43
"1987.Apr",1987,"Apr",0.37
"1988.Apr",1988,"Apr",0.49
"1989.Apr",1989,"Apr",0.42
"1990.Apr",1990,"Apr",0.64
"1991.Apr",1991,"Apr",0.72
"1992.Apr",1992,"Apr",0.23
"1993.Apr",1993,"Apr",0.3
"1994.Apr",1994,"Apr",0.53
"1995.Apr",1995,"Apr",0.57
"1996.Apr",1996,"Apr",0.5
"1997.Apr",1997,"Apr",0.38
"1998.Apr",1998,"Apr",0.8
"1999.Apr",1999,"Apr",0.39
"2000.Apr",2000,"Apr",0.74
"2001.Apr",2001,"Apr",0.6
"2002.Apr",2002,"Apr",0.78
"2003.Apr",2003,"Apr",0.69
"2004.Apr",2004,"Apr",0.76
"2005.Apr",2005,"Apr",0.83
"2006.Apr",2006,"Apr",0.68
"2007.Apr",2007,"Apr",0.93
"2008.Apr",2008,"Apr",0.65
"2009.Apr",2009,"Apr",0.75
"2010.Apr",2010,"Apr",0.99
"2011.Apr",2011,"Apr",0.81
"2012.Apr",2012,"Apr",0.78
"2013.Apr",2013,"Apr",0.65
"2014.Apr",2014,"Apr",0.88
"2015.Apr",2015,"Apr",0.74
"2016.Apr",2016,"Apr",1.32
"1880.May",1880,"May",-0.37
"1881.May",1881,"May",-0.05
"1882.May",1882,"May",-0.4
"1883.May",1883,"May",-0.38
"1884.May",1884,"May",-1.22
"1885.May",1885,"May",-0.54
"1886.May",1886,"May",-0.61
"1887.May",1887,"May",-0.92
"1888.May",1888,"May",-0.81
"1889.May",1889,"May",0.02
"1890.May",1890,"May",-0.95
"1891.May",1891,"May",-0.52
"1892.May",1892,"May",-0.72
"1893.May",1893,"May",-0.8
"1894.May",1894,"May",-0.72
"1895.May",1895,"May",-0.33
"1896.May",1896,"May",-0.48
"1897.May",1897,"May",-0.29
"1898.May",1898,"May",-0.65
"1899.May",1899,"May",-0.43
"1900.May",1900,"May",-0.19
"1901.May",1901,"May",-0.25
"1902.May",1902,"May",-0.37
"1903.May",1903,"May",-0.49
"1904.May",1904,"May",-0.66
"1905.May",1905,"May",-0.39
"1906.May",1906,"May",-0.25
"1907.May",1907,"May",-0.63
"1908.May",1908,"May",-0.36
"1909.May",1909,"May",-0.61
"1910.May",1910,"May",-0.29
"1911.May",1911,"May",-0.41
"1912.May",1912,"May",-0.21
"1913.May",1913,"May",-0.65
"1914.May",1914,"May",-0.05
"1915.May",1915,"May",-0.24
"1916.May",1916,"May",-0.38
"1917.May",1917,"May",-0.82
"1918.May",1918,"May",-0.8
"1919.May",1919,"May",-0.2
"1920.May",1920,"May",-0.36
"1921.May",1921,"May",-0.23
"1922.May",1922,"May",-0.42
"1923.May",1923,"May",-0.37
"1924.May",1924,"May",-0.32
"1925.May",1925,"May",-0.37
"1926.May",1926,"May",-0.4
"1927.May",1927,"May",-0.35
"1928.May",1928,"May",-0.43
"1929.May",1929,"May",-0.45
"1930.May",1930,"May",-0.22
"1931.May",1931,"May",-0.2
"1932.May",1932,"May",-0.22
"1933.May",1933,"May",-0.17
"1934.May",1934,"May",-0.03
"1935.May",1935,"May",-0.38
"1936.May",1936,"May",-0.32
"1937.May",1937,"May",-0.05
"1938.May",1938,"May",0.06
"1939.May",1939,"May",-0.04
"1940.May",1940,"May",0.03
"1941.May",1941,"May",0.07
"1942.May",1942,"May",-0.01
"1943.May",1943,"May",-0.13
"1944.May",1944,"May",-0.09
"1945.May",1945,"May",-0.29
"1946.May",1946,"May",-0.03
"1947.May",1947,"May",-0.03
"1948.May",1948,"May",0.02
"1949.May",1949,"May",-0.15
"1950.May",1950,"May",-0.23
"1951.May",1951,"May",0.06
"1952.May",1952,"May",-0.12
"1953.May",1953,"May",-0.05
"1954.May",1954,"May",-0.2
"1955.May",1955,"May",-0.18
"1956.May",1956,"May",-0.3
"1957.May",1957,"May",-0.01
"1958.May",1958,"May",0.12
"1959.May",1959,"May",0
"1960.May",1960,"May",-0.14
"1961.May",1961,"May",0.17
"1962.May",1962,"May",-0.11
"1963.May",1963,"May",-0.13
"1964.May",1964,"May",-0.33
"1965.May",1965,"May",-0.16
"1966.May",1966,"May",-0.1
"1967.May",1967,"May",0.18
"1968.May",1968,"May",-0.18
"1969.May",1969,"May",0.16
"1970.May",1970,"May",-0.05
"1971.May",1971,"May",-0.06
"1972.May",1972,"May",-0.02
"1973.May",1973,"May",0.36
"1974.May",1974,"May",0.02
"1975.May",1975,"May",0.27
"1976.May",1976,"May",-0.24
"1977.May",1977,"May",0.29
"1978.May",1978,"May",0.2
"1979.May",1979,"May",0.08
"1980.May",1980,"May",0.46
"1981.May",1981,"May",0.32
"1982.May",1982,"May",0.24
"1983.May",1983,"May",0.47
"1984.May",1984,"May",0.46
"1985.May",1985,"May",0.21
"1986.May",1986,"May",0.33
"1987.May",1987,"May",0.29
"1988.May",1988,"May",0.61
"1989.May",1989,"May",0.18
"1990.May",1990,"May",0.55
"1991.May",1991,"May",0.41
"1992.May",1992,"May",0.25
"1993.May",1993,"May",0.26
"1994.May",1994,"May",0.26
"1995.May",1995,"May",0.37
"1996.May",1996,"May",0.33
"1997.May",1997,"May",0.42
"1998.May",1998,"May",0.93
"1999.May",1999,"May",0.47
"2000.May",2000,"May",0.55
"2001.May",2001,"May",0.72
"2002.May",2002,"May",0.86
"2003.May",2003,"May",0.87
"2004.May",2004,"May",0.48
"2005.May",2005,"May",0.75
"2006.May",2006,"May",0.49
"2007.May",2007,"May",0.91
"2008.May",2008,"May",0.55
"2009.May",2009,"May",0.81
"2010.May",2010,"May",0.94
"2011.May",2011,"May",0.63
"2012.May",2012,"May",0.93
"2013.May",2013,"May",0.66
"2014.May",2014,"May",1.03
"2015.May",2015,"May",0.85
"2016.May",2016,"May",1.16
"1880.Jun",1880,"Jun",-0.5
"1881.Jun",1881,"Jun",-1.15
"1882.Jun",1882,"Jun",-1.05
"1883.Jun",1883,"Jun",0.41
"1884.Jun",1884,"Jun",-0.86
"1885.Jun",1885,"Jun",-0.98
"1886.Jun",1886,"Jun",-0.89
"1887.Jun",1887,"Jun",-0.72
"1888.Jun",1888,"Jun",-0.61
"1889.Jun",1889,"Jun",-0.32
"1890.Jun",1890,"Jun",-0.61
"1891.Jun",1891,"Jun",-0.61
"1892.Jun",1892,"Jun",-0.63
"1893.Jun",1893,"Jun",-0.76
"1894.Jun",1894,"Jun",-0.55
"1895.Jun",1895,"Jun",-0.33
"1896.Jun",1896,"Jun",-0.51
"1897.Jun",1897,"Jun",-0.21
"1898.Jun",1898,"Jun",-0.34
"1899.Jun",1899,"Jun",-0.57
"1900.Jun",1900,"Jun",-0.15
"1901.Jun",1901,"Jun",-0.02
"1902.Jun",1902,"Jun",-0.39
"1903.Jun",1903,"Jun",-0.68
"1904.Jun",1904,"Jun",-0.52
"1905.Jun",1905,"Jun",-0.35
"1906.Jun",1906,"Jun",-0.29
"1907.Jun",1907,"Jun",-0.72
"1908.Jun",1908,"Jun",-0.47
"1909.Jun",1909,"Jun",-0.46
"1910.Jun",1910,"Jun",-0.38
"1911.Jun",1911,"Jun",-0.4
"1912.Jun",1912,"Jun",-0.28
"1913.Jun",1913,"Jun",-0.64
"1914.Jun",1914,"Jun",-0.12
"1915.Jun",1915,"Jun",-0.25
"1916.Jun",1916,"Jun",-0.54
"1917.Jun",1917,"Jun",-0.49
"1918.Jun",1918,"Jun",-0.47
"1919.Jun",1919,"Jun",-0.22
"1920.Jun",1920,"Jun",-0.42
"1921.Jun",1921,"Jun",-0.15
"1922.Jun",1922,"Jun",-0.36
"1923.Jun",1923,"Jun",-0.32
"1924.Jun",1924,"Jun",-0.2
"1925.Jun",1925,"Jun",-0.43
"1926.Jun",1926,"Jun",-0.26
"1927.Jun",1927,"Jun",-0.3
"1928.Jun",1928,"Jun",-0.6
"1929.Jun",1929,"Jun",-0.48
"1930.Jun",1930,"Jun",-0.28
"1931.Jun",1931,"Jun",-0.12
"1932.Jun",1932,"Jun",-0.5
"1933.Jun",1933,"Jun",-0.3
"1934.Jun",1934,"Jun",-0.21
"1935.Jun",1935,"Jun",-0.25
"1936.Jun",1936,"Jun",-0.2
"1937.Jun",1937,"Jun",-0.07
"1938.Jun",1938,"Jun",-0.15
"1939.Jun",1939,"Jun",-0.13
"1940.Jun",1940,"Jun",0.13
"1941.Jun",1941,"Jun",0.11
"1942.Jun",1942,"Jun",0.04
"1943.Jun",1943,"Jun",-0.14
"1944.Jun",1944,"Jun",-0.1
"1945.Jun",1945,"Jun",-0.34
"1946.Jun",1946,"Jun",-0.21
"1947.Jun",1947,"Jun",-0.01
"1948.Jun",1948,"Jun",0.04
"1949.Jun",1949,"Jun",-0.18
"1950.Jun",1950,"Jun",-0.11
"1951.Jun",1951,"Jun",-0.04
"1952.Jun",1952,"Jun",-0.1
"1953.Jun",1953,"Jun",0.01
"1954.Jun",1954,"Jun",-0.21
"1955.Jun",1955,"Jun",-0.19
"1956.Jun",1956,"Jun",-0.1
"1957.Jun",1957,"Jun",0.14
"1958.Jun",1958,"Jun",-0.18
"1959.Jun",1959,"Jun",0.08
"1960.Jun",1960,"Jun",-0.02
"1961.Jun",1961,"Jun",0.12
"1962.Jun",1962,"Jun",0.05
"1963.Jun",1963,"Jun",0.03
"1964.Jun",1964,"Jun",-0.13
"1965.Jun",1965,"Jun",-0.15
"1966.Jun",1966,"Jun",-0.04
"1967.Jun",1967,"Jun",-0.12
"1968.Jun",1968,"Jun",-0.11
"1969.Jun",1969,"Jun",0.05
"1970.Jun",1970,"Jun",0.12
"1971.Jun",1971,"Jun",-0.2
"1972.Jun",1972,"Jun",0.08
"1973.Jun",1973,"Jun",0.28
"1974.Jun",1974,"Jun",0.01
"1975.Jun",1975,"Jun",0.04
"1976.Jun",1976,"Jun",-0.18
"1977.Jun",1977,"Jun",0.31
"1978.Jun",1978,"Jun",0.03
"1979.Jun",1979,"Jun",0.2
"1980.Jun",1980,"Jun",0.21
"1981.Jun",1981,"Jun",0.37
"1982.Jun",1982,"Jun",0.03
"1983.Jun",1983,"Jun",0.27
"1984.Jun",1984,"Jun",0.04
"1985.Jun",1985,"Jun",0.26
"1986.Jun",1986,"Jun",0.12
"1987.Jun",1987,"Jun",0.54
"1988.Jun",1988,"Jun",0.58
"1989.Jun",1989,"Jun",0.14
"1990.Jun",1990,"Jun",0.46
"1991.Jun",1991,"Jun",0.68
"1992.Jun",1992,"Jun",0.28
"1993.Jun",1993,"Jun",0.27
"1994.Jun",1994,"Jun",0.55
"1995.Jun",1995,"Jun",0.5
"1996.Jun",1996,"Jun",0.32
"1997.Jun",1997,"Jun",0.67
"1998.Jun",1998,"Jun",1.02
"1999.Jun",1999,"Jun",0.59
"2000.Jun",2000,"Jun",0.67
"2001.Jun",2001,"Jun",0.64
"2002.Jun",2002,"Jun",0.63
"2003.Jun",2003,"Jun",0.63
"2004.Jun",2004,"Jun",0.64
"2005.Jun",2005,"Jun",0.81
"2006.Jun",2006,"Jun",0.76
"2007.Jun",2007,"Jun",0.64
"2008.Jun",2008,"Jun",0.51
"2009.Jun",2009,"Jun",0.78
"2010.Jun",2010,"Jun",0.84
"2011.Jun",2011,"Jun",0.71
"2012.Jun",2012,"Jun",0.69
"2013.Jun",2013,"Jun",0.86
"2014.Jun",2014,"Jun",0.75
"2015.Jun",2015,"Jun",0.82
"2016.Jun",2016,"Jun",0.89
"1880.Jul",1880,"Jul",-0.49
"1881.Jul",1881,"Jul",-0.56
"1882.Jul",1882,"Jul",-0.74
"1883.Jul",1883,"Jul",-0.05
"1884.Jul",1884,"Jul",-0.88
"1885.Jul",1885,"Jul",-0.66
"1886.Jul",1886,"Jul",-0.44
"1887.Jul",1887,"Jul",-0.46
"1888.Jul",1888,"Jul",-0.4
"1889.Jul",1889,"Jul",-0.49
"1890.Jul",1890,"Jul",-0.63
"1891.Jul",1891,"Jul",-0.78
"1892.Jul",1892,"Jul",-0.44
"1893.Jul",1893,"Jul",-0.25
"1894.Jul",1894,"Jul",-0.42
"1895.Jul",1895,"Jul",-0.58
"1896.Jul",1896,"Jul",-0.25
"1897.Jul",1897,"Jul",-0.15
"1898.Jul",1898,"Jul",-0.39
"1899.Jul",1899,"Jul",-0.34
"1900.Jul",1900,"Jul",-0.39
"1901.Jul",1901,"Jul",-0.3
"1902.Jul",1902,"Jul",-0.48
"1903.Jul",1903,"Jul",-0.37
"1904.Jul",1904,"Jul",-0.65
"1905.Jul",1905,"Jul",-0.47
"1906.Jul",1906,"Jul",-0.28
"1907.Jul",1907,"Jul",-0.48
"1908.Jul",1908,"Jul",-0.43
"1909.Jul",1909,"Jul",-0.38
"1910.Jul",1910,"Jul",-0.26
"1911.Jul",1911,"Jul",-0.19
"1912.Jul",1912,"Jul",-0.52
"1913.Jul",1913,"Jul",-0.26
"1914.Jul",1914,"Jul",-0.25
"1915.Jul",1915,"Jul",-0.01
"1916.Jul",1916,"Jul",-0.4
"1917.Jul",1917,"Jul",-0.03
"1918.Jul",1918,"Jul",-0.52
"1919.Jul",1919,"Jul",-0.13
"1920.Jul",1920,"Jul",-0.26
"1921.Jul",1921,"Jul",-0.03
"1922.Jul",1922,"Jul",-0.08
"1923.Jul",1923,"Jul",-0.54
"1924.Jul",1924,"Jul",-0.2
"1925.Jul",1925,"Jul",-0.43
"1926.Jul",1926,"Jul",-0.21
"1927.Jul",1927,"Jul",-0.09
"1928.Jul",1928,"Jul",-0.12
"1929.Jul",1929,"Jul",-0.43
"1930.Jul",1930,"Jul",-0.26
"1931.Jul",1931,"Jul",0.03
"1932.Jul",1932,"Jul",-0.26
"1933.Jul",1933,"Jul",-0.16
"1934.Jul",1934,"Jul",-0.03
"1935.Jul",1935,"Jul",-0.31
"1936.Jul",1936,"Jul",0.18
"1937.Jul",1937,"Jul",-0.14
"1938.Jul",1938,"Jul",-0.01
"1939.Jul",1939,"Jul",-0.16
"1940.Jul",1940,"Jul",0.18
"1941.Jul",1941,"Jul",0.24
"1942.Jul",1942,"Jul",0.02
"1943.Jul",1943,"Jul",0.05
"1944.Jul",1944,"Jul",0.01
"1945.Jul",1945,"Jul",-0.26
"1946.Jul",1946,"Jul",0.01
"1947.Jul",1947,"Jul",-0.05
"1948.Jul",1948,"Jul",-0.17
"1949.Jul",1949,"Jul",-0.11
"1950.Jul",1950,"Jul",-0.14
"1951.Jul",1951,"Jul",-0.04
"1952.Jul",1952,"Jul",0.04
"1953.Jul",1953,"Jul",-0.05
"1954.Jul",1954,"Jul",-0.27
"1955.Jul",1955,"Jul",-0.17
"1956.Jul",1956,"Jul",-0.12
"1957.Jul",1957,"Jul",-0.12
"1958.Jul",1958,"Jul",0.07
"1959.Jul",1959,"Jul",0.1
"1960.Jul",1960,"Jul",-0.11
"1961.Jul",1961,"Jul",0
"1962.Jul",1962,"Jul",-0.13
"1963.Jul",1963,"Jul",0.06
"1964.Jul",1964,"Jul",-0.08
"1965.Jul",1965,"Jul",-0.26
"1966.Jul",1966,"Jul",0.12
"1967.Jul",1967,"Jul",0.06
"1968.Jul",1968,"Jul",-0.13
"1969.Jul",1969,"Jul",-0.02
"1970.Jul",1970,"Jul",0.09
"1971.Jul",1971,"Jul",-0.09
"1972.Jul",1972,"Jul",0.06
"1973.Jul",1973,"Jul",0.21
"1974.Jul",1974,"Jul",-0.02
"1975.Jul",1975,"Jul",0.07
"1976.Jul",1976,"Jul",-0.17
"1977.Jul",1977,"Jul",0.3
"1978.Jul",1978,"Jul",0.19
"1979.Jul",1979,"Jul",0.03
"1980.Jul",1980,"Jul",0.37
"1981.Jul",1981,"Jul",0.5
"1982.Jul",1982,"Jul",0.17
"1983.Jul",1983,"Jul",0.2
"1984.Jul",1984,"Jul",0.18
"1985.Jul",1985,"Jul",0.02
"1986.Jul",1986,"Jul",0.14
"1987.Jul",1987,"Jul",0.58
"1988.Jul",1988,"Jul",0.43
"1989.Jul",1989,"Jul",0.48
"1990.Jul",1990,"Jul",0.61
"1991.Jul",1991,"Jul",0.62
"1992.Jul",1992,"Jul",0.06
"1993.Jul",1993,"Jul",0.38
"1994.Jul",1994,"Jul",0.4
"1995.Jul",1995,"Jul",0.62
"1996.Jul",1996,"Jul",0.55
"1997.Jul",1997,"Jul",0.33
"1998.Jul",1998,"Jul",0.89
"1999.Jul",1999,"Jul",0.61
"2000.Jul",2000,"Jul",0.61
"2001.Jul",2001,"Jul",0.7
"2002.Jul",2002,"Jul",0.82
"2003.Jul",2003,"Jul",0.64
"2004.Jul",2004,"Jul",0.23
"2005.Jul",2005,"Jul",0.79
"2006.Jul",2006,"Jul",0.64
"2007.Jul",2007,"Jul",0.77
"2008.Jul",2008,"Jul",0.71
"2009.Jul",2009,"Jul",0.85
"2010.Jul",2010,"Jul",0.73
"2011.Jul",2011,"Jul",0.89
"2012.Jul",2012,"Jul",0.56
"2013.Jul",2013,"Jul",0.65
"2014.Jul",2014,"Jul",0.71
"2015.Jul",2015,"Jul",0.67
"2016.Jul",2016,"Jul",0.98
"1880.Aug",1880,"Aug",0.06
"1881.Aug",1881,"Aug",-0.28
"1882.Aug",1882,"Aug",-0.14
"1883.Aug",1883,"Aug",-0.2
"1884.Aug",1884,"Aug",0.11
"1885.Aug",1885,"Aug",-0.21
"1886.Aug",1886,"Aug",-0.78
"1887.Aug",1887,"Aug",-0.31
"1888.Aug",1888,"Aug",-0.39
"1889.Aug",1889,"Aug",-0.65
"1890.Aug",1890,"Aug",-0.65
"1891.Aug",1891,"Aug",-0.62
"1892.Aug",1892,"Aug",-0.32
"1893.Aug",1893,"Aug",-0.4
"1894.Aug",1894,"Aug",-0.38
"1895.Aug",1895,"Aug",-0.24
"1896.Aug",1896,"Aug",-0.42
"1897.Aug",1897,"Aug",-0.35
"1898.Aug",1898,"Aug",-0.27
"1899.Aug",1899,"Aug",-0.32
"1900.Aug",1900,"Aug",-0.2
"1901.Aug",1901,"Aug",-0.27
"1902.Aug",1902,"Aug",-0.56
"1903.Aug",1903,"Aug",-0.48
"1904.Aug",1904,"Aug",-0.54
"1905.Aug",1905,"Aug",-0.31
"1906.Aug",1906,"Aug",-0.21
"1907.Aug",1907,"Aug",-0.59
"1908.Aug",1908,"Aug",-0.42
"1909.Aug",1909,"Aug",-0.13
"1910.Aug",1910,"Aug",-0.17
"1911.Aug",1911,"Aug",-0.28
"1912.Aug",1912,"Aug",-0.65
"1913.Aug",1913,"Aug",-0.25
"1914.Aug",1914,"Aug",-0.11
"1915.Aug",1915,"Aug",-0.22
"1916.Aug",1916,"Aug",-0.14
"1917.Aug",1917,"Aug",-0.42
"1918.Aug",1918,"Aug",-0.52
"1919.Aug",1919,"Aug",-0.11
"1920.Aug",1920,"Aug",-0.19
"1921.Aug",1921,"Aug",-0.51
"1922.Aug",1922,"Aug",-0.28
"1923.Aug",1923,"Aug",-0.42
"1924.Aug",1924,"Aug",-0.2
"1925.Aug",1925,"Aug",-0.14
"1926.Aug",1926,"Aug",-0.03
"1927.Aug",1927,"Aug",-0.3
"1928.Aug",1928,"Aug",-0.09
"1929.Aug",1929,"Aug",-0.43
"1930.Aug",1930,"Aug",-0.23
"1931.Aug",1931,"Aug",0.06
"1932.Aug",1932,"Aug",-0.21
"1933.Aug",1933,"Aug",-0.22
"1934.Aug",1934,"Aug",0.03
"1935.Aug",1935,"Aug",-0.28
"1936.Aug",1936,"Aug",-0.02
"1937.Aug",1937,"Aug",0.03
"1938.Aug",1938,"Aug",-0.1
"1939.Aug",1939,"Aug",-0.27
"1940.Aug",1940,"Aug",0.06
"1941.Aug",1941,"Aug",0.02
"1942.Aug",1942,"Aug",0.07
"1943.Aug",1943,"Aug",-0.2
"1944.Aug",1944,"Aug",0.04
"1945.Aug",1945,"Aug",0.16
"1946.Aug",1946,"Aug",-0.07
"1947.Aug",1947,"Aug",-0.02
"1948.Aug",1948,"Aug",-0.2
"1949.Aug",1949,"Aug",-0.13
"1950.Aug",1950,"Aug",-0.34
"1951.Aug",1951,"Aug",0.1
"1952.Aug",1952,"Aug",0.09
"1953.Aug",1953,"Aug",0.1
"1954.Aug",1954,"Aug",-0.18
"1955.Aug",1955,"Aug",0.09
"1956.Aug",1956,"Aug",-0.32
"1957.Aug",1957,"Aug",0.13
"1958.Aug",1958,"Aug",-0.1
"1959.Aug",1959,"Aug",0
"1960.Aug",1960,"Aug",0.07
"1961.Aug",1961,"Aug",0.08
"1962.Aug",1962,"Aug",-0.08
"1963.Aug",1963,"Aug",0.19
"1964.Aug",1964,"Aug",-0.29
"1965.Aug",1965,"Aug",-0.08
"1966.Aug",1966,"Aug",-0.09
"1967.Aug",1967,"Aug",0.03
"1968.Aug",1968,"Aug",-0.07
"1969.Aug",1969,"Aug",-0.09
"1970.Aug",1970,"Aug",-0.07
"1971.Aug",1971,"Aug",0.03
"1972.Aug",1972,"Aug",0.19
"1973.Aug",1973,"Aug",0.06
"1974.Aug",1974,"Aug",0.13
"1975.Aug",1975,"Aug",-0.25
"1976.Aug",1976,"Aug",-0.24
"1977.Aug",1977,"Aug",0.28
"1978.Aug",1978,"Aug",-0.15
"1979.Aug",1979,"Aug",0.13
"1980.Aug",1980,"Aug",0.3
"1981.Aug",1981,"Aug",0.53
"1982.Aug",1982,"Aug",0.07
"1983.Aug",1983,"Aug",0.45
"1984.Aug",1984,"Aug",0.27
"1985.Aug",1985,"Aug",0.34
"1986.Aug",1986,"Aug",0.2
"1987.Aug",1987,"Aug",0.26
"1988.Aug",1988,"Aug",0.56
"1989.Aug",1989,"Aug",0.51
"1990.Aug",1990,"Aug",0.41
"1991.Aug",1991,"Aug",0.55
"1992.Aug",1992,"Aug",0.13
"1993.Aug",1993,"Aug",0.2
"1994.Aug",1994,"Aug",0.24
"1995.Aug",1995,"Aug",0.56
"1996.Aug",1996,"Aug",0.74
"1997.Aug",1997,"Aug",0.44
"1998.Aug",1998,"Aug",0.82
"1999.Aug",1999,"Aug",0.52
"2000.Aug",2000,"Aug",0.59
"2001.Aug",2001,"Aug",0.61
"2002.Aug",2002,"Aug",0.67
"2003.Aug",2003,"Aug",0.85
"2004.Aug",2004,"Aug",0.58
"2005.Aug",2005,"Aug",0.72
"2006.Aug",2006,"Aug",0.82
"2007.Aug",2007,"Aug",0.83
"2008.Aug",2008,"Aug",0.38
"2009.Aug",2009,"Aug",0.83
"2010.Aug",2010,"Aug",0.82
"2011.Aug",2011,"Aug",0.93
"2012.Aug",2012,"Aug",0.83
"2013.Aug",2013,"Aug",0.78
"2014.Aug",2014,"Aug",0.84
"2015.Aug",2015,"Aug",0.88
"2016.Aug",2016,"Aug",1.28
"1880.Sep",1880,"Sep",-0.51
"1881.Sep",1881,"Sep",-0.34
"1882.Sep",1882,"Sep",-0.1
"1883.Sep",1883,"Sep",-0.49
"1884.Sep",1884,"Sep",-0.41
"1885.Sep",1885,"Sep",-0.2
"1886.Sep",1886,"Sep",-0.47
"1887.Sep",1887,"Sep",-0.67
"1888.Sep",1888,"Sep",-0.46
"1889.Sep",1889,"Sep",-0.42
"1890.Sep",1890,"Sep",-0.38
"1891.Sep",1891,"Sep",-0.55
"1892.Sep",1892,"Sep",-0.52
"1893.Sep",1893,"Sep",-0.34
"1894.Sep",1894,"Sep",-0.48
"1895.Sep",1895,"Sep",-0.19
"1896.Sep",1896,"Sep",-0.15
"1897.Sep",1897,"Sep",-0.18
"1898.Sep",1898,"Sep",-0.05
"1899.Sep",1899,"Sep",-0.05
"1900.Sep",1900,"Sep",-0.11
"1901.Sep",1901,"Sep",-0.03
"1902.Sep",1902,"Sep",-0.45
"1903.Sep",1903,"Sep",-0.47
"1904.Sep",1904,"Sep",-0.48
"1905.Sep",1905,"Sep",-0.26
"1906.Sep",1906,"Sep",-0.35
"1907.Sep",1907,"Sep",-0.43
"1908.Sep",1908,"Sep",-0.2
"1909.Sep",1909,"Sep",-0.22
"1910.Sep",1910,"Sep",-0.13
"1911.Sep",1911,"Sep",-0.29
"1912.Sep",1912,"Sep",-0.38
"1913.Sep",1913,"Sep",-0.25
"1914.Sep",1914,"Sep",-0.11
"1915.Sep",1915,"Sep",-0.04
"1916.Sep",1916,"Sep",-0.21
"1917.Sep",1917,"Sep",-0.35
"1918.Sep",1918,"Sep",-0.21
"1919.Sep",1919,"Sep",-0.24
"1920.Sep",1920,"Sep",-0.2
"1921.Sep",1921,"Sep",-0.18
"1922.Sep",1922,"Sep",-0.18
"1923.Sep",1923,"Sep",-0.35
"1924.Sep",1924,"Sep",-0.11
"1925.Sep",1925,"Sep",-0.36
"1926.Sep",1926,"Sep",-0.03
"1927.Sep",1927,"Sep",-0.16
"1928.Sep",1928,"Sep",-0.03
"1929.Sep",1929,"Sep",-0.27
"1930.Sep",1930,"Sep",-0.18
"1931.Sep",1931,"Sep",-0.2
"1932.Sep",1932,"Sep",0.02
"1933.Sep",1933,"Sep",-0.13
"1934.Sep",1934,"Sep",-0.12
"1935.Sep",1935,"Sep",-0.42
"1936.Sep",1936,"Sep",-0.04
"1937.Sep",1937,"Sep",0.21
"1938.Sep",1938,"Sep",0.07
"1939.Sep",1939,"Sep",-0.16
"1940.Sep",1940,"Sep",0.18
"1941.Sep",1941,"Sep",-0.22
"1942.Sep",1942,"Sep",0.04
"1943.Sep",1943,"Sep",0.02
"1944.Sep",1944,"Sep",0.2
"1945.Sep",1945,"Sep",0.03
"1946.Sep",1946,"Sep",-0.02
"1947.Sep",1947,"Sep",-0.01
"1948.Sep",1948,"Sep",0
"1949.Sep",1949,"Sep",-0.07
"1950.Sep",1950,"Sep",-0.19
"1951.Sep",1951,"Sep",0.08
"1952.Sep",1952,"Sep",0.13
"1953.Sep",1953,"Sep",0.07
"1954.Sep",1954,"Sep",-0.17
"1955.Sep",1955,"Sep",-0.11
"1956.Sep",1956,"Sep",-0.15
"1957.Sep",1957,"Sep",0.1
"1958.Sep",1958,"Sep",-0.07
"1959.Sep",1959,"Sep",-0.13
"1960.Sep",1960,"Sep",0.08
"1961.Sep",1961,"Sep",0.16
"1962.Sep",1962,"Sep",0.01
"1963.Sep",1963,"Sep",0.23
"1964.Sep",1964,"Sep",-0.36
"1965.Sep",1965,"Sep",-0.26
"1966.Sep",1966,"Sep",-0.02
"1967.Sep",1967,"Sep",0
"1968.Sep",1968,"Sep",-0.26
"1969.Sep",1969,"Sep",0.02
"1970.Sep",1970,"Sep",0.16
"1971.Sep",1971,"Sep",0.02
"1972.Sep",1972,"Sep",0.05
"1973.Sep",1973,"Sep",0.11
"1974.Sep",1974,"Sep",-0.15
"1975.Sep",1975,"Sep",-0.03
"1976.Sep",1976,"Sep",-0.16
"1977.Sep",1977,"Sep",-0.09
"1978.Sep",1978,"Sep",0.14
"1979.Sep",1979,"Sep",0.29
"1980.Sep",1980,"Sep",0.32
"1981.Sep",1981,"Sep",0.27
"1982.Sep",1982,"Sep",0.09
"1983.Sep",1983,"Sep",0.55
"1984.Sep",1984,"Sep",0.26
"1985.Sep",1985,"Sep",0.25
"1986.Sep",1986,"Sep",0.02
"1987.Sep",1987,"Sep",0.35
"1988.Sep",1988,"Sep",0.55
"1989.Sep",1989,"Sep",0.53
"1990.Sep",1990,"Sep",0.3
"1991.Sep",1991,"Sep",0.62
"1992.Sep",1992,"Sep",-0.05
"1993.Sep",1993,"Sep",0.08
"1994.Sep",1994,"Sep",0.4
"1995.Sep",1995,"Sep",0.46
"1996.Sep",1996,"Sep",0.42
"1997.Sep",1997,"Sep",0.49
"1998.Sep",1998,"Sep",0.56
"1999.Sep",1999,"Sep",0.63
"2000.Sep",2000,"Sep",0.53
"2001.Sep",2001,"Sep",0.68
"2002.Sep",2002,"Sep",0.8
"2003.Sep",2003,"Sep",0.81
"2004.Sep",2004,"Sep",0.59
"2005.Sep",2005,"Sep",0.97
"2006.Sep",2006,"Sep",0.72
"2007.Sep",2007,"Sep",0.8
"2008.Sep",2008,"Sep",0.8
"2009.Sep",2009,"Sep",0.9
"2010.Sep",2010,"Sep",0.85
"2011.Sep",2011,"Sep",0.75
"2012.Sep",2012,"Sep",0.88
"2013.Sep",2013,"Sep",1
"2014.Sep",2014,"Sep",1.09
"2015.Sep",2015,"Sep",0.79
"2016.Sep",2016,"Sep",1.1
"1880.Oct",1880,"Oct",-0.69
"1881.Oct",1881,"Oct",-0.47
"1882.Oct",1882,"Oct",-0.35
"1883.Oct",1883,"Oct",-0.6
"1884.Oct",1884,"Oct",-0.81
"1885.Oct",1885,"Oct",-0.08
"1886.Oct",1886,"Oct",-0.91
"1887.Oct",1887,"Oct",-0.61
"1888.Oct",1888,"Oct",-0.32
"1889.Oct",1889,"Oct",-0.27
"1890.Oct",1890,"Oct",-0.3
"1891.Oct",1891,"Oct",-0.62
"1892.Oct",1892,"Oct",-0.39
"1893.Oct",1893,"Oct",-0.15
"1894.Oct",1894,"Oct",-0.15
"1895.Oct",1895,"Oct",-0.14
"1896.Oct",1896,"Oct",-0.07
"1897.Oct",1897,"Oct",-0.26
"1898.Oct",1898,"Oct",-0.43
"1899.Oct",1899,"Oct",-0.31
"1900.Oct",1900,"Oct",0.11
"1901.Oct",1901,"Oct",-0.23
"1902.Oct",1902,"Oct",-0.5
"1903.Oct",1903,"Oct",-0.53
"1904.Oct",1904,"Oct",-0.56
"1905.Oct",1905,"Oct",-0.42
"1906.Oct",1906,"Oct",-0.22
"1907.Oct",1907,"Oct",-0.36
"1908.Oct",1908,"Oct",-0.44
"1909.Oct",1909,"Oct",-0.2
"1910.Oct",1910,"Oct",-0.34
"1911.Oct",1911,"Oct",-0.21
"1912.Oct",1912,"Oct",-0.5
"1913.Oct",1913,"Oct",-0.34
"1914.Oct",1914,"Oct",0.09
"1915.Oct",1915,"Oct",-0.12
"1916.Oct",1916,"Oct",-0.18
"1917.Oct",1917,"Oct",-0.53
"1918.Oct",1918,"Oct",-0.03
"1919.Oct",1919,"Oct",-0.11
"1920.Oct",1920,"Oct",-0.48
"1921.Oct",1921,"Oct",-0.15
"1922.Oct",1922,"Oct",-0.32
"1923.Oct",1923,"Oct",-0.16
"1924.Oct",1924,"Oct",-0.17
"1925.Oct",1925,"Oct",-0.4
"1926.Oct",1926,"Oct",-0.17
"1927.Oct",1927,"Oct",0.09
"1928.Oct",1928,"Oct",-0.1
"1929.Oct",1929,"Oct",-0.05
"1930.Oct",1930,"Oct",-0.35
"1931.Oct",1931,"Oct",0
"1932.Oct",1932,"Oct",0.05
"1933.Oct",1933,"Oct",-0.12
"1934.Oct",1934,"Oct",-0.09
"1935.Oct",1935,"Oct",-0.09
"1936.Oct",1936,"Oct",-0.02
"1937.Oct",1937,"Oct",0.18
"1938.Oct",1938,"Oct",0.27
"1939.Oct",1939,"Oct",-0.12
"1940.Oct",1940,"Oct",0.03
"1941.Oct",1941,"Oct",0.06
"1942.Oct",1942,"Oct",-0.03
"1943.Oct",1943,"Oct",0.25
"1944.Oct",1944,"Oct",0.17
"1945.Oct",1945,"Oct",0.01
"1946.Oct",1946,"Oct",-0.18
"1947.Oct",1947,"Oct",0.22
"1948.Oct",1948,"Oct",-0.04
"1949.Oct",1949,"Oct",0
"1950.Oct",1950,"Oct",-0.23
"1951.Oct",1951,"Oct",0
"1952.Oct",1952,"Oct",-0.03
"1953.Oct",1953,"Oct",0.05
"1954.Oct",1954,"Oct",0
"1955.Oct",1955,"Oct",0
"1956.Oct",1956,"Oct",-0.25
"1957.Oct",1957,"Oct",0
"1958.Oct",1958,"Oct",0.1
"1959.Oct",1959,"Oct",-0.1
"1960.Oct",1960,"Oct",0.12
"1961.Oct",1961,"Oct",0.09
"1962.Oct",1962,"Oct",0.02
"1963.Oct",1963,"Oct",0.1
"1964.Oct",1964,"Oct",-0.34
"1965.Oct",1965,"Oct",-0.09
"1966.Oct",1966,"Oct",-0.26
"1967.Oct",1967,"Oct",0.12
"1968.Oct",1968,"Oct",0.07
"1969.Oct",1969,"Oct",0.09
"1970.Oct",1970,"Oct",0.11
"1971.Oct",1971,"Oct",-0.01
"1972.Oct",1972,"Oct",-0.03
"1973.Oct",1973,"Oct",0.2
"1974.Oct",1974,"Oct",-0.07
"1975.Oct",1975,"Oct",-0.04
"1976.Oct",1976,"Oct",-0.37
"1977.Oct",1977,"Oct",-0.01
"1978.Oct",1978,"Oct",0.03
"1979.Oct",1979,"Oct",0.27
"1980.Oct",1980,"Oct",0.23
"1981.Oct",1981,"Oct",0.1
"1982.Oct",1982,"Oct",0.01
"1983.Oct",1983,"Oct",0.33
"1984.Oct",1984,"Oct",0.21
"1985.Oct",1985,"Oct",0.12
"1986.Oct",1986,"Oct",0.11
"1987.Oct",1987,"Oct",0.33
"1988.Oct",1988,"Oct",0.54
"1989.Oct",1989,"Oct",0.43
"1990.Oct",1990,"Oct",0.51
"1991.Oct",1991,"Oct",0.34
"1992.Oct",1992,"Oct",0.07
"1993.Oct",1993,"Oct",0.22
"1994.Oct",1994,"Oct",0.4
"1995.Oct",1995,"Oct",0.66
"1996.Oct",1996,"Oct",0.32
"1997.Oct",1997,"Oct",0.59
"1998.Oct",1998,"Oct",0.66
"1999.Oct",1999,"Oct",0.61
"2000.Oct",2000,"Oct",0.33
"2001.Oct",2001,"Oct",0.6
"2002.Oct",2002,"Oct",0.62
"2003.Oct",2003,"Oct",0.84
"2004.Oct",2004,"Oct",0.81
"2005.Oct",2005,"Oct",0.98
"2006.Oct",2006,"Oct",0.81
"2007.Oct",2007,"Oct",0.78
"2008.Oct",2008,"Oct",0.72
"2009.Oct",2009,"Oct",0.71
"2010.Oct",2010,"Oct",0.94
"2011.Oct",2011,"Oct",0.82
"2012.Oct",2012,"Oct",0.91
"2013.Oct",2013,"Oct",0.84
"2014.Oct",2014,"Oct",1.01
"2015.Oct",2015,"Oct",1.17
"2016.Oct",2016,"Oct",1.18
"1880.Nov",1880,"Nov",-0.53
"1881.Nov",1881,"Nov",-0.54
"1882.Nov",1882,"Nov",-0.42
"1883.Nov",1883,"Nov",-0.71
"1884.Nov",1884,"Nov",-0.85
"1885.Nov",1885,"Nov",-0.43
"1886.Nov",1886,"Nov",-0.54
"1887.Nov",1887,"Nov",-0.97
"1888.Nov",1888,"Nov",-0.1
"1889.Nov",1889,"Nov",-0.49
"1890.Nov",1890,"Nov",-0.79
"1891.Nov",1891,"Nov",-0.61
"1892.Nov",1892,"Nov",-0.66
"1893.Nov",1893,"Nov",-0.18
"1894.Nov",1894,"Nov",-0.19
"1895.Nov",1895,"Nov",-0.19
"1896.Nov",1896,"Nov",-0.47
"1897.Nov",1897,"Nov",-0.02
"1898.Nov",1898,"Nov",-0.52
"1899.Nov",1899,"Nov",-0.04
"1900.Nov",1900,"Nov",-0.16
"1901.Nov",1901,"Nov",-0.16
"1902.Nov",1902,"Nov",-0.53
"1903.Nov",1903,"Nov",-0.51
"1904.Nov",1904,"Nov",-0.3
"1905.Nov",1905,"Nov",-0.12
"1906.Nov",1906,"Nov",-0.56
"1907.Nov",1907,"Nov",-0.62
"1908.Nov",1908,"Nov",-0.62
"1909.Nov",1909,"Nov",-0.16
"1910.Nov",1910,"Nov",-0.56
"1911.Nov",1911,"Nov",-0.17
"1912.Nov",1912,"Nov",-0.45
"1913.Nov",1913,"Nov",-0.18
"1914.Nov",1914,"Nov",-0.36
"1915.Nov",1915,"Nov",0.01
"1916.Nov",1916,"Nov",-0.4
"1917.Nov",1917,"Nov",-0.35
"1918.Nov",1918,"Nov",-0.29
"1919.Nov",1919,"Nov",-0.46
"1920.Nov",1920,"Nov",-0.37
"1921.Nov",1921,"Nov",-0.31
"1922.Nov",1922,"Nov",-0.16
"1923.Nov",1923,"Nov",-0.08
"1924.Nov",1924,"Nov",-0.1
"1925.Nov",1925,"Nov",-0.07
"1926.Nov",1926,"Nov",-0.02
"1927.Nov",1927,"Nov",0.07
"1928.Nov",1928,"Nov",0.04
"1929.Nov",1929,"Nov",-0.09
"1930.Nov",1930,"Nov",0.04
"1931.Nov",1931,"Nov",-0.2
"1932.Nov",1932,"Nov",-0.13
"1933.Nov",1933,"Nov",-0.4
"1934.Nov",1934,"Nov",0.01
"1935.Nov",1935,"Nov",-0.35
"1936.Nov",1936,"Nov",0
"1937.Nov",1937,"Nov",0.27
"1938.Nov",1938,"Nov",0.09
"1939.Nov",1939,"Nov",-0.19
"1940.Nov",1940,"Nov",0.03
"1941.Nov",1941,"Nov",-0.07
"1942.Nov",1942,"Nov",0.09
"1943.Nov",1943,"Nov",0.05
"1944.Nov",1944,"Nov",-0.03
"1945.Nov",1945,"Nov",-0.1
"1946.Nov",1946,"Nov",-0.11
"1947.Nov",1947,"Nov",0.21
"1948.Nov",1948,"Nov",-0.19
"1949.Nov",1949,"Nov",-0.06
"1950.Nov",1950,"Nov",-0.42
"1951.Nov",1951,"Nov",-0.03
"1952.Nov",1952,"Nov",-0.22
"1953.Nov",1953,"Nov",0
"1954.Nov",1954,"Nov",0.16
"1955.Nov",1955,"Nov",-0.25
"1956.Nov",1956,"Nov",-0.24
"1957.Nov",1957,"Nov",0.13
"1958.Nov",1958,"Nov",0.08
"1959.Nov",1959,"Nov",-0.08
"1960.Nov",1960,"Nov",-0.1
"1961.Nov",1961,"Nov",0.08
"1962.Nov",1962,"Nov",0.1
"1963.Nov",1963,"Nov",0.05
"1964.Nov",1964,"Nov",-0.21
"1965.Nov",1965,"Nov",-0.13
"1966.Nov",1966,"Nov",-0.05
"1967.Nov",1967,"Nov",0.01
"1968.Nov",1968,"Nov",-0.07
"1969.Nov",1969,"Nov",0.09
"1970.Nov",1970,"Nov",0.04
"1971.Nov",1971,"Nov",-0.11
"1972.Nov",1972,"Nov",-0.04
"1973.Nov",1973,"Nov",0.11
"1974.Nov",1974,"Nov",-0.07
"1975.Nov",1975,"Nov",-0.06
"1976.Nov",1976,"Nov",-0.16
"1977.Nov",1977,"Nov",0.24
"1978.Nov",1978,"Nov",0.15
"1979.Nov",1979,"Nov",0.3
"1980.Nov",1980,"Nov",0.29
"1981.Nov",1981,"Nov",0.21
"1982.Nov",1982,"Nov",0.12
"1983.Nov",1983,"Nov",0.32
"1984.Nov",1984,"Nov",0.1
"1985.Nov",1985,"Nov",0.08
"1986.Nov",1986,"Nov",0.11
"1987.Nov",1987,"Nov",0.28
"1988.Nov",1988,"Nov",0.17
"1989.Nov",1989,"Nov",0.22
"1990.Nov",1990,"Nov",0.52
"1991.Nov",1991,"Nov",0.32
"1992.Nov",1992,"Nov",0.01
"1993.Nov",1993,"Nov",0.08
"1994.Nov",1994,"Nov",0.51
"1995.Nov",1995,"Nov",0.52
"1996.Nov",1996,"Nov",0.5
"1997.Nov",1997,"Nov",0.7
"1998.Nov",1998,"Nov",0.64
"1999.Nov",1999,"Nov",0.57
"2000.Nov",2000,"Nov",0.46
"2001.Nov",2001,"Nov",0.77
"2002.Nov",2002,"Nov",0.69
"2003.Nov",2003,"Nov",0.64
"2004.Nov",2004,"Nov",0.87
"2005.Nov",2005,"Nov",0.88
"2006.Nov",2006,"Nov",0.85
"2007.Nov",2007,"Nov",0.71
"2008.Nov",2008,"Nov",0.79
"2009.Nov",2009,"Nov",0.81
"2010.Nov",2010,"Nov",1
"2011.Nov",2011,"Nov",0.76
"2012.Nov",2012,"Nov",0.93
"2013.Nov",2013,"Nov",0.86
"2014.Nov",2014,"Nov",0.79
"2015.Nov",2015,"Nov",1.16
"2016.Nov",2016,"Nov",1.14
"1880.Dec",1880,"Dec",-0.55
"1881.Dec",1881,"Dec",-0.13
"1882.Dec",1882,"Dec",-0.7
"1883.Dec",1883,"Dec",-0.43
"1884.Dec",1884,"Dec",-1.03
"1885.Dec",1885,"Dec",-0.03
"1886.Dec",1886,"Dec",-0.79
"1887.Dec",1887,"Dec",-0.71
"1888.Dec",1888,"Dec",-0.29
"1889.Dec",1889,"Dec",-0.47
"1890.Dec",1890,"Dec",-0.55
"1891.Dec",1891,"Dec",-0.03
"1892.Dec",1892,"Dec",-0.64
"1893.Dec",1893,"Dec",-0.42
"1894.Dec",1894,"Dec",-0.2
"1895.Dec",1895,"Dec",-0.1
"1896.Dec",1896,"Dec",-0.23
"1897.Dec",1897,"Dec",-0.25
"1898.Dec",1898,"Dec",-0.22
"1899.Dec",1899,"Dec",-0.22
"1900.Dec",1900,"Dec",-0.09
"1901.Dec",1901,"Dec",-0.25
"1902.Dec",1902,"Dec",-0.6
"1903.Dec",1903,"Dec",-0.65
"1904.Dec",1904,"Dec",-0.44
"1905.Dec",1905,"Dec",-0.28
"1906.Dec",1906,"Dec",-0.28
"1907.Dec",1907,"Dec",-0.68
"1908.Dec",1908,"Dec",-0.44
"1909.Dec",1909,"Dec",-0.57
"1910.Dec",1910,"Dec",-0.68
"1911.Dec",1911,"Dec",-0.27
"1912.Dec",1912,"Dec",-0.37
"1913.Dec",1913,"Dec",0.01
"1914.Dec",1914,"Dec",-0.24
"1915.Dec",1915,"Dec",-0.14
"1916.Dec",1916,"Dec",-0.83
"1917.Dec",1917,"Dec",-0.97
"1918.Dec",1918,"Dec",-0.4
"1919.Dec",1919,"Dec",-0.34
"1920.Dec",1920,"Dec",-0.53
"1921.Dec",1921,"Dec",-0.22
"1922.Dec",1922,"Dec",-0.19
"1923.Dec",1923,"Dec",-0.13
"1924.Dec",1924,"Dec",-0.3
"1925.Dec",1925,"Dec",0.13
"1926.Dec",1926,"Dec",-0.3
"1927.Dec",1927,"Dec",-0.28
"1928.Dec",1928,"Dec",-0.1
"1929.Dec",1929,"Dec",-0.66
"1930.Dec",1930,"Dec",-0.12
"1931.Dec",1931,"Dec",0.04
"1932.Dec",1932,"Dec",-0.17
"1933.Dec",1933,"Dec",-0.58
"1934.Dec",1934,"Dec",0.05
"1935.Dec",1935,"Dec",-0.21
"1936.Dec",1936,"Dec",0.07
"1937.Dec",1937,"Dec",-0.11
"1938.Dec",1938,"Dec",-0.14
"1939.Dec",1939,"Dec",0.31
"1940.Dec",1940,"Dec",0.2
"1941.Dec",1941,"Dec",0
"1942.Dec",1942,"Dec",0.02
"1943.Dec",1943,"Dec",0.17
"1944.Dec",1944,"Dec",-0.23
"1945.Dec",1945,"Dec",-0.39
"1946.Dec",1946,"Dec",-0.34
"1947.Dec",1947,"Dec",-0.18
"1948.Dec",1948,"Dec",-0.21
"1949.Dec",1949,"Dec",-0.19
"1950.Dec",1950,"Dec",-0.19
"1951.Dec",1951,"Dec",0.13
"1952.Dec",1952,"Dec",-0.04
"1953.Dec",1953,"Dec",0.14
"1954.Dec",1954,"Dec",-0.13
"1955.Dec",1955,"Dec",-0.31
"1956.Dec",1956,"Dec",-0.2
"1957.Dec",1957,"Dec",0.19
"1958.Dec",1958,"Dec",-0.06
"1959.Dec",1959,"Dec",0.09
"1960.Dec",1960,"Dec",0.17
"1961.Dec",1961,"Dec",-0.14
"1962.Dec",1962,"Dec",0
"1963.Dec",1963,"Dec",-0.04
"1964.Dec",1964,"Dec",-0.34
"1965.Dec",1965,"Dec",-0.18
"1966.Dec",1966,"Dec",-0.08
"1967.Dec",1967,"Dec",0
"1968.Dec",1968,"Dec",-0.21
"1969.Dec",1969,"Dec",0.34
"1970.Dec",1970,"Dec",-0.1
"1971.Dec",1971,"Dec",-0.05
"1972.Dec",1972,"Dec",0.15
"1973.Dec",1973,"Dec",-0.01
"1974.Dec",1974,"Dec",-0.03
"1975.Dec",1975,"Dec",-0.22
"1976.Dec",1976,"Dec",-0.03
"1977.Dec",1977,"Dec",0.14
"1978.Dec",1978,"Dec",0.11
"1979.Dec",1979,"Dec",0.52
"1980.Dec",1980,"Dec",0.18
"1981.Dec",1981,"Dec",0.46
"1982.Dec",1982,"Dec",0.41
"1983.Dec",1983,"Dec",0.17
"1984.Dec",1984,"Dec",0.02
"1985.Dec",1985,"Dec",0.13
"1986.Dec",1986,"Dec",0.2
"1987.Dec",1987,"Dec",0.55
"1988.Dec",1988,"Dec",0.38
"1989.Dec",1989,"Dec",0.4
"1990.Dec",1990,"Dec",0.47
"1991.Dec",1991,"Dec",0.32
"1992.Dec",1992,"Dec",0.24
"1993.Dec",1993,"Dec",0.18
"1994.Dec",1994,"Dec",0.43
"1995.Dec",1995,"Dec",0.39
"1996.Dec",1996,"Dec",0.53
"1997.Dec",1997,"Dec",0.67
"1998.Dec",1998,"Dec",0.76
"1999.Dec",1999,"Dec",0.5
"2000.Dec",2000,"Dec",0.46
"2001.Dec",2001,"Dec",0.71
"2002.Dec",2002,"Dec",0.53
"2003.Dec",2003,"Dec",0.87
"2004.Dec",2004,"Dec",0.66
"2005.Dec",2005,"Dec",0.88
"2006.Dec",2006,"Dec",0.91
"2007.Dec",2007,"Dec",0.7
"2008.Dec",2008,"Dec",0.71
"2009.Dec",2009,"Dec",0.75
"2010.Dec",2010,"Dec",0.69
"2011.Dec",2011,"Dec",0.78
"2012.Dec",2012,"Dec",0.7
"2013.Dec",2013,"Dec",0.81
"2014.Dec",2014,"Dec",0.97
"2015.Dec",2015,"Dec",1.39
"2016.Dec",2016,"Dec",1.09
